[{"model": "auth.permission", "pk": 1, "fields": {"name": "Can add log entry", "content_type": 1, "codename": "add_logentry"}}, {"model": "auth.permission", "pk": 2, "fields": {"name": "Can change log entry", "content_type": 1, "codename": "change_logentry"}}, {"model": "auth.permission", "pk": 3, "fields": {"name": "Can delete log entry", "content_type": 1, "codename": "delete_logentry"}}, {"model": "auth.permission", "pk": 4, "fields": {"name": "Can view log entry", "content_type": 1, "codename": "view_logentry"}}, {"model": "auth.permission", "pk": 5, "fields": {"name": "Can add permission", "content_type": 2, "codename": "add_permission"}}, {"model": "auth.permission", "pk": 6, "fields": {"name": "Can change permission", "content_type": 2, "codename": "change_permission"}}, {"model": "auth.permission", "pk": 7, "fields": {"name": "Can delete permission", "content_type": 2, "codename": "delete_permission"}}, {"model": "auth.permission", "pk": 8, "fields": {"name": "Can view permission", "content_type": 2, "codename": "view_permission"}}, {"model": "auth.permission", "pk": 9, "fields": {"name": "Can add group", "content_type": 3, "codename": "add_group"}}, {"model": "auth.permission", "pk": 10, "fields": {"name": "Can change group", "content_type": 3, "codename": "change_group"}}, {"model": "auth.permission", "pk": 11, "fields": {"name": "Can delete group", "content_type": 3, "codename": "delete_group"}}, {"model": "auth.permission", "pk": 12, "fields": {"name": "Can view group", "content_type": 3, "codename": "view_group"}}, {"model": "auth.permission", "pk": 13, "fields": {"name": "Can add content type", "content_type": 4, "codename": "add_contenttype"}}, {"model": "auth.permission", "pk": 14, "fields": {"name": "Can change content type", "content_type": 4, "codename": "change_contenttype"}}, {"model": "auth.permission", "pk": 15, "fields": {"name": "Can delete content type", "content_type": 4, "codename": "delete_contenttype"}}, {"model": "auth.permission", "pk": 16, "fields": {"name": "Can view content type", "content_type": 4, "codename": "view_contenttype"}}, {"model": "auth.permission", "pk": 17, "fields": {"name": "Can add session", "content_type": 5, "codename": "add_session"}}, {"model": "auth.permission", "pk": 18, "fields": {"name": "Can change session", "content_type": 5, "codename": "change_session"}}, {"model": "auth.permission", "pk": 19, "fields": {"name": "Can delete session", "content_type": 5, "codename": "delete_session"}}, {"model": "auth.permission", "pk": 20, "fields": {"name": "Can view session", "content_type": 5, "codename": "view_session"}}, {"model": "auth.permission", "pk": 21, "fields": {"name": "Can add product category", "content_type": 6, "codename": "add_productcategory"}}, {"model": "auth.permission", "pk": 22, "fields": {"name": "Can change product category", "content_type": 6, "codename": "change_productcategory"}}, {"model": "auth.permission", "pk": 23, "fields": {"name": "Can delete product category", "content_type": 6, "codename": "delete_productcategory"}}, {"model": "auth.permission", "pk": 24, "fields": {"name": "Can view product category", "content_type": 6, "codename": "view_productcategory"}}, {"model": "auth.permission", "pk": 25, "fields": {"name": "Can add product", "content_type": 7, "codename": "add_product"}}, {"model": "auth.permission", "pk": 26, "fields": {"name": "Can change product", "content_type": 7, "codename": "change_product"}}, {"model": "auth.permission", "pk": 27, "fields": {"name": "Can delete product", "content_type": 7, "codename": "delete_product"}}, {"model": "auth.permission", "pk": 28, "fields": {"name": "Can view product", "content_type": 7, "codename": "view_product"}}, {"model": "auth.permission", "pk": 29, "fields": {"name": "Can add user", "content_type": 8, "codename": "add_shopuser"}}, {"model": "auth.permission", "pk": 30, "fields": {"name": "Can change user", "content_type": 8, "codename": "change_shopuser"}}, {"model": "auth.permission", "pk": 31, "fields": {"name": "Can delete user", "content_type": 8, "codename": "delete_shopuser"}}, {"model": "auth.permission", "pk": 32, "fields": {"name": "Can view user", "content_type": 8, "codename": "view_shopuser"}}, {"model": "auth.permission", "pk": 33, "fields": {"name": "Can add cart", "content_type": 9, "codename": "add_cart"}}, {"model": "auth.permission", "pk": 34, "fields": {"name": "Can change cart", "content_type": 9, "codename": "change_cart"}}, {"model": "auth.permission", "pk": 35, "fields": {"name": "Can delete cart", "content_type": 9, "codename": "delete_cart"}}, {"model": "auth.permission", "pk": 36, "fields": {"name": "Can view cart", "content_type": 9, "codename": "view_cart"}}, {"model": "auth.permission", "pk": 37, "fields": {"name": "Can add association", "content_type": 10, "codename": "add_association"}}, {"model": "auth.permission", "pk": 38, "fields": {"name": "Can change association", "content_type": 10, "codename": "change_association"}}, {"model": "auth.permission", "pk": 39, "fields": {"name": "Can delete association", "content_type": 10, "codename": "delete_association"}}, {"model": "auth.permission", "pk": 40, "fields": {"name": "Can view association", "content_type": 10, "codename": "view_association"}}, {"model": "auth.permission", "pk": 41, "fields": {"name": "Can add code", "content_type": 11, "codename": "add_code"}}, {"model": "auth.permission", "pk": 42, "fields": {"name": "Can change code", "content_type": 11, "codename": "change_code"}}, {"model": "auth.permission", "pk": 43, "fields": {"name": "Can delete code", "content_type": 11, "codename": "delete_code"}}, {"model": "auth.permission", "pk": 44, "fields": {"name": "Can view code", "content_type": 11, "codename": "view_code"}}, {"model": "auth.permission", "pk": 45, "fields": {"name": "Can add nonce", "content_type": 12, "codename": "add_nonce"}}, {"model": "auth.permission", "pk": 46, "fields": {"name": "Can change nonce", "content_type": 12, "codename": "change_nonce"}}, {"model": "auth.permission", "pk": 47, "fields": {"name": "Can delete nonce", "content_type": 12, "codename": "delete_nonce"}}, {"model": "auth.permission", "pk": 48, "fields": {"name": "Can view nonce", "content_type": 12, "codename": "view_nonce"}}, {"model": "auth.permission", "pk": 49, "fields": {"name": "Can add user social auth", "content_type": 13, "codename": "add_usersocialauth"}}, {"model": "auth.permission", "pk": 50, "fields": {"name": "Can change user social auth", "content_type": 13, "codename": "change_usersocialauth"}}, {"model": "auth.permission", "pk": 51, "fields": {"name": "Can delete user social auth", "content_type": 13, "codename": "delete_usersocialauth"}}, {"model": "auth.permission", "pk": 52, "fields": {"name": "Can view user social auth", "content_type": 13, "codename": "view_usersocialauth"}}, {"model": "auth.permission", "pk": 53, "fields": {"name": "Can add partial", "content_type": 14, "codename": "add_partial"}}, {"model": "auth.permission", "pk": 54, "fields": {"name": "Can change partial", "content_type": 14, "codename": "change_partial"}}, {"model": "auth.permission", "pk": 55, "fields": {"name": "Can delete partial", "content_type": 14, "codename": "delete_partial"}}, {"model": "auth.permission", "pk": 56, "fields": {"name": "Can view partial", "content_type": 14, "codename": "view_partial"}}, {"model": "auth.permission", "pk": 57, "fields": {"name": "Can add shop user profile", "content_type": 15, "codename": "add_shopuserprofile"}}, {"model": "auth.permission", "pk": 58, "fields": {"name": "Can change shop user profile", "content_type": 15, "codename": "change_shopuserprofile"}}, {"model": "auth.permission", "pk": 59, "fields": {"name": "Can delete shop user profile", "content_type": 15, "codename": "delete_shopuserprofile"}}, {"model": "auth.permission", "pk": 60, "fields": {"name": "Can view shop user profile", "content_type": 15, "codename": "view_shopuserprofile"}}, {"model": "auth.permission", "pk": 61, "fields": {"name": "Can add order item", "content_type": 16, "codename": "add_orderitem"}}, {"model": "auth.permission", "pk": 62, "fields": {"name": "Can change order item", "content_type": 16, "codename": "change_orderitem"}}, {"model": "auth.permission", "pk": 63, "fields": {"name": "Can delete order item", "content_type": 16, "codename": "delete_orderitem"}}, {"model": "auth.permission", "pk": 64, "fields": {"name": "Can view order item", "content_type": 16, "codename": "view_orderitem"}}, {"model": "auth.permission", "pk": 65, "fields": {"name": "Can add заказ", "content_type": 17, "codename": "add_order"}}, {"model": "auth.permission", "pk": 66, "fields": {"name": "Can change заказ", "content_type": 17, "codename": "change_order"}}, {"model": "auth.permission", "pk": 67, "fields": {"name": "Can delete заказ", "content_type": 17, "codename": "delete_order"}}, {"model": "auth.permission", "pk": 68, "fields": {"name": "Can view заказ", "content_type": 17, "codename": "view_order"}}, {"model": "sessions.session", "pk": "610ve7ys07ryp77hu2u8o9oatcautht1", "fields": {"session_data": ".eJxVjEEOwiAQRe_C2pACDgwu3fcMzTBDbdVAUtqV8e7apAvd_vfef6mBtnUatpaXYRZ1UUadfrdE_MhlB3Kncquaa1mXOeld0Qdtuq-Sn9fD_TuYqE3f2gEhe0RIIMFA7IQSjwYxkLABH9GCG8PZBUT0sePRRjYRwKbOiSP1_gDLZzcA:1nCnTI:SJca0jeanijy66f7uN6w-tdTfh-oU961_lSu-EBSlsY", "expire_date": "2022-02-09T18:56:44.544Z"}}, {"model": "sessions.session", "pk": "6n0xnjju0b3rq1aznh3cfgko9aqyfms5", "fields": {"session_data": ".eJxVjL0OgjAURt-lsyKllN46wuJigg4aJ3L7AxQMJFDUxPjuQsLCer5zvi_p7MeTIzmQHXm1-x4nX0fF6NHbmSYZMJNdXHqtdIMuhyF_T_dT_qhtfPPQzFGxFMU02qFwZk7olinUre2WwTTYVX2g-84PTgWLEqzrGJx7Y5_p6m4OahzruWYcQScAXHEjKJehQaVLCiDQaMoTCRFnpYiZAIBEhrqMpKaS80iFzDAkvz8IDEtt:1nFiBG:IdSGbm-O2jfAgN3zRLos41gbvubf59eEHL8xeUXy23g", "expire_date": "2022-02-17T19:54:10.841Z"}}, {"model": "sessions.session", "pk": "98ubngjep6lvfprpduot9vwwk8lbqthh", "fields": {"session_data": ".eJxVjEEOwiAQRe_C2hCgQ6dx6d4zEGYYpGpoUtpV491tky50-997f1MhrksJa5M5jEldlVOX340iv6QeID1jfUyap7rMI-lD0Sdt-j4led9O9--gxFb2OqOYZNlLD0Q8GEEhbxHAM_cY2Xc5-93hTJHYgkMYKFsWl7kzgOrzBQ1OOOk:1nD9Yy:zhhlV6LOQY7RWrF40RZKaP43pkn9gL0rziC0GmY-PvM", "expire_date": "2022-02-10T18:32:04.260Z"}}, {"model": "sessions.session", "pk": "am6ywf3w2ypj7mi9484eqlwrq9447x1z", "fields": {"session_data": ".eJxVjEEOwiAQRe_C2hCgQ6dx6d4zEGYYpGpoUtpV491tky50-997f1MhrksJa5M5jEldlVOX340iv6QeID1jfUyap7rMI-lD0Sdt-j4led9O9--gxFb2OqOYZNlLD0Q8GEEhbxHAM_cY2Xc5-93hTJHYgkMYKFsWl7kzgOrzBQ1OOOk:1nDVCM:Qz4NS_n74003wzrpQjeFdzCGsWHHRNCbW9Q4HUW6yxM", "expire_date": "2022-02-11T17:38:10.737Z"}}, {"model": "sessions.session", "pk": "ki3gcxrm36782wzjz0055fn15usk6bzs", "fields": {"session_data": "eyJnb29nbGUtb2F1dGgyX3N0YXRlIjoiang3MXFwQUtFQ0NsbERJWlZCNzZqZE5Mc251NXl3VEgifQ:1nBje5:kt1AZX77EQvfVjjOZAy2g4NzxMiBklArevMDRfkQ4x8", "expire_date": "2022-02-06T20:39:29.860Z"}}, {"model": "sessions.session", "pk": "ko5kl32ix3g4bblxos0wdzd7ogs74a9c", "fields": {"session_data": ".eJxVjEEOwiAQRe_C2hCgQ6dx6d4zEGYYpGpoUtpV491tky50-997f1MhrksJa5M5jEldlVOX340iv6QeID1jfUyap7rMI-lD0Sdt-j4led9O9--gxFb2OqOYZNlLD0Q8GEEhbxHAM_cY2Xc5-93hTJHYgkMYKFsWl7kzgOrzBQ1OOOk:1nDUiZ:86BwZsikGlq0FZk94lauoGy30Zde1dJeeF87TBOoHYA", "expire_date": "2022-02-11T17:07:23.559Z"}}, {"model": "sessions.session", "pk": "q9zohc5yk1thwus14pws7w84gioolxwr", "fields": {"session_data": ".eJxVj1FrwjAUhf9Lnl1tkqY1eyuOgoioL0P2Em6SW1NaWzBpUcb--1KRMV-_w3fOvd-kx1sg72RJFmRq3wYYg2PKBwgYaVX5ih437jhmZS0_vrK1L-_l4XRZn3e8m1yU1Gyo0eNVNTYqnL5CDabFfk78YBrolBmumDypT6Y2-dzuy3n11XPgXZSohjQzmkspU5YLgZbzAgWrJRN5aqjJNDKZi9oaoWG1QltzW6AsGAVOKcbS5-6jugMfVDecm_7fYX9_k59fOP5Y2Q:1nCnSo:EOkLTPpA1hmOH9gIbKbIG5lDATMOfrsMNVvXjOtf7_Y", "expire_date": "2022-02-09T18:56:14.932Z"}}, {"model": "sessions.session", "pk": "srwogpdmhmd8z1dmm4106ow9eaugzjwr", "fields": {"session_data": ".eJyrVspLrShRslLSV9JRKsvWzU8sLckwii8uSSxJBYr6ZKWnhYTl5OSVV0WVO0ZWmBSmGfrlFvu4OhtbJKZYhgE1pefnp-ekoms0Tzd1yw4tN_TMrCwqLzAJDk4LDw5wzzMtTM8wsHD18lWqBQDOSijU:1nC5bw:NSs-4iO9_DNYza3lpiwFPB1UHmhxswHh96d0MGx7tRU", "expire_date": "2022-02-07T20:06:44.087Z"}}, {"model": "sessions.session", "pk": "zrhu7sgvox9jj6s4cg3d0seznwnw52o4", "fields": {"session_data": ".eJxVj8FOwzAQRP_FZwheu066vdGKUxFIlShHa21vSJqQKLVbVUL8Ow6qEL2-0ZvZ_RIDX5JYiQdxJ87d_Uin1CgbEyXOFA_woi9rfN7Xh8nB9h2m9LbbfT7pycsNyizZ2bCnyEfbhqxouIWOfMfDnMTRt9RbPx65uNJYnLtiv319nFdvvYZikyVwJBfeaUSUqjSGg9YVG1WjMqX04BeOFZamDt44Wi451DpUjJUC0gCcS6-7v9U9xWT78aMd_h3297f4_gHxmVh_:1nCnQ2:Oiy2goQ58a0rRJoi0qfyy7agmovAEpn3vxv6BZ5OOm4", "expire_date": "2022-02-09T18:53:22.218Z"}}, {"model": "mainapp.productcategory", "pk": 1, "fields": {"name": "все", "description": "товары всех категорий", "is_active": true}}, {"model": "mainapp.productcategory", "pk": 2, "fields": {"name": "дом", "description": "домашняя мебель", "is_active": true}}, {"model": "mainapp.productcategory", "pk": 3, "fields": {"name": "офис", "description": "офисная мебель", "is_active": true}}, {"model": "mainapp.productcategory", "pk": 4, "fields": {"name": "модерн", "description": "современная мебель", "is_active": true}}, {"model": "mainapp.productcategory", "pk": 5, "fields": {"name": "классика", "description": "мебель классического стиля", "is_active": true}}, {"model": "mainapp.productcategory", "pk": 9, "fields": {"name": "new category_1", "description": "создана из админки", "is_active": true}}, {"model": "mainapp.productcategory", "pk": 10, "fields": {"name": "new category_2", "description": "создана из админки", "is_active": false}}, {"model": "mainapp.product", "pk": 1, "fields": {"category": 5, "name": "product-1", "image": "products_images/product-1.jpg", "short_desc": "product-1", "description": "товары всех категорий", "price": "1000.00", "quantity": 10, "is_active": true}}, {"model": "mainapp.product", "pk": 2, "fields": {"category": 2, "name": "product-2", "image": "products_images/product-2.jpg", "short_desc": "product-2", "description": "товар из категории Дом", "price": "1300.00", "quantity": 2, "is_active": true}}, {"model": "mainapp.product", "pk": 3, "fields": {"category": 2, "name": "product-3", "image": "products_images/product-3.jpg", "short_desc": "product-3", "description": "товары всех категорий", "price": "1040.00", "quantity": 0, "is_active": true}}, {"model": "mainapp.product", "pk": 4, "fields": {"category": 3, "name": "product-4", "image": "products_images/product-4.jpg", "short_desc": "product-4", "description": "товары всех категорий", "price": "3000.00", "quantity": 2, "is_active": true}}, {"model": "mainapp.product", "pk": 5, "fields": {"category": 3, "name": "product-5", "image": "products_images/product-5.jpg", "short_desc": "product-5", "description": "товары всех категорий", "price": "1000.00", "quantity": 7, "is_active": true}}, {"model": "mainapp.product", "pk": 6, "fields": {"category": 5, "name": "product-6", "image": "products_images/product-6.jpg", "short_desc": "product-6", "description": "товары всех категорий", "price": "2000.00", "quantity": 2, "is_active": true}}, {"model": "mainapp.product", "pk": 7, "fields": {"category": 4, "name": "product-7", "image": "products_images/product-7.jpg", "short_desc": "product-7", "description": "товары всех категорий", "price": "1200.00", "quantity": 15, "is_active": true}}, {"model": "mainapp.product", "pk": 8, "fields": {"category": 4, "name": "product-8", "image": "products_images/product-8.jpg", "short_desc": "product-8", "description": "товары всех категорий", "price": "1500.00", "quantity": 13, "is_active": true}}, {"model": "mainapp.product", "pk": 9, "fields": {"category": 5, "name": "product-9", "image": "products_images/product-9.jpg", "short_desc": "product-9", "description": "товары всех категорий", "price": "1200.00", "quantity": 9, "is_active": true}}, {"model": "mainapp.product", "pk": 10, "fields": {"category": 4, "name": "product-10", "image": "products_images/product-10.jpg", "short_desc": "product-10", "description": "товары всех категорий", "price": "1100.00", "quantity": 10, "is_active": true}}, {"model": "mainapp.product", "pk": 11, "fields": {"category": 5, "name": "product-11", "image": "products_images/product-1.jpg", "short_desc": "product-11", "description": "товары всех категорий", "price": "1000.00", "quantity": 10, "is_active": true}}, {"model": "mainapp.product", "pk": 12, "fields": {"category": 2, "name": "product-12", "image": "products_images/product-2.jpg", "short_desc": "product-12", "description": "товары всех категорий", "price": "1300.00", "quantity": 0, "is_active": true}}, {"model": "mainapp.product", "pk": 13, "fields": {"category": 2, "name": "product-13", "image": "products_images/product-3.jpg", "short_desc": "product-13", "description": "товары всех категорий", "price": "1040.00", "quantity": 7, "is_active": true}}, {"model": "mainapp.product", "pk": 14, "fields": {"category": 3, "name": "product-14", "image": "products_images/product-4.jpg", "short_desc": "product-14", "description": "товары всех категорий", "price": "3000.00", "quantity": 8, "is_active": true}}, {"model": "mainapp.product", "pk": 15, "fields": {"category": 3, "name": "product-15", "image": "products_images/product-5.jpg", "short_desc": "product-15", "description": "отличный стул", "price": "1000.00", "quantity": 10, "is_active": true}}, {"model": "mainapp.product", "pk": 16, "fields": {"category": 5, "name": "product-16", "image": "products_images/product-6.jpg", "short_desc": "product-16", "description": "товары всех категорий", "price": "2000.00", "quantity": 1, "is_active": true}}, {"model": "mainapp.product", "pk": 17, "fields": {"category": 4, "name": "product-17", "image": "products_images/product-7.jpg", "short_desc": "product-17", "description": "товары всех категорий", "price": "1200.00", "quantity": 12, "is_active": true}}, {"model": "mainapp.product", "pk": 18, "fields": {"category": 4, "name": "product-18", "image": "products_images/product-8.jpg", "short_desc": "product-18", "description": "товары всех категорий", "price": "1500.00", "quantity": 12, "is_active": true}}, {"model": "mainapp.product", "pk": 19, "fields": {"category": 5, "name": "product-19", "image": "products_images/product-9.jpg", "short_desc": "product-19", "description": "товары всех категорий", "price": "1200.00", "quantity": 10, "is_active": true}}, {"model": "mainapp.product", "pk": 20, "fields": {"category": 4, "name": "product-20", "image": "products_images/product-10.jpg", "short_desc": "product-20", "description": "товары всех категорий", "price": "1100.00", "quantity": 6, "is_active": true}}, {"model": "mainapp.product", "pk": 25, "fields": {"category": 5, "name": "new product", "image": "products_images/controll_eUFByjt.jpg", "short_desc": "new product", "description": "new product", "price": "100.00", "quantity": 1, "is_active": false}}, {"model": "mainapp.product", "pk": 30, "fields": {"category": 3, "name": "new product2", "image": "products_images/eva_komod_2_hL7flZr.webp", "short_desc": "комод", "description": "комод2 из админки", "price": "11223.00", "quantity": 2, "is_active": true}}, {"model": "authapp.shopuser", "pk": 1, "fields": {"password": "pbkdf2_sha256$320000$7c3lF4J1EfnlFWO2rAT4JW$ryiFmEpY4bHUn2/DDbk0tBeS0VH4PhHYD4vVUw8iwLg=", "last_login": "2022-02-03T19:54:10.822Z", "is_superuser": true, "username": "admin", "first_name": "admin", "last_name": "adminadmin", "email": "admin@localhost", "is_staff": true, "is_active": true, "date_joined": "2022-01-02T18:44:23Z", "avatar": "user_avatars/google-play.png", "age": 33, "city": "Moscow", "phone_number": "", "nick_name": "admin", "activation_key": "", "activation_key_expires": "2022-01-14T17:13:31.187Z", "groups": [], "user_permissions": []}}, {"model": "authapp.shopuser", "pk": 2, "fields": {"password": "pbkdf2_sha256$320000$jV0Oz5zUf0h230A6lUSZzR$hOTcOG0/16AmYUqWqNcTtTchoT1JA37ypVa0MdmvVpU=", "last_login": "2022-01-28T19:36:00.520Z", "is_superuser": false, "username": "user1", "first_name": "user1", "last_name": "", "email": "user1@localhost.ru", "is_staff": false, "is_active": true, "date_joined": "2022-01-03T14:15:27Z", "avatar": "user_avatars/app-store.png", "age": 22, "city": "Moscow", "phone_number": "", "nick_name": "user1", "activation_key": "", "activation_key_expires": "2022-01-14T17:13:31.187Z", "groups": [], "user_permissions": []}}, {"model": "authapp.shopuser", "pk": 23, "fields": {"password": "pbkdf2_sha256$320000$W6VnUwdahJJ2gCkTMZlTil$p5ZejSmSwPM5roU83zT7gX5x54vdO+wq4dWdTW9kPKw=", "last_login": "2022-01-16T04:48:14.748Z", "is_superuser": false, "username": "user2", "first_name": "user2", "last_name": "", "email": "user2@localhost", "is_staff": false, "is_active": true, "date_joined": "2022-01-16T04:38:44.326Z", "avatar": "", "age": 18, "city": "", "phone_number": "", "nick_name": "", "activation_key": "08c1587c514924e560f9d5056a9a852b73458b6f", "activation_key_expires": "2022-01-18T04:38:44.326Z", "groups": [], "user_permissions": []}}, {"model": "authapp.shopuserprofile", "pk": 1, "fields": {"user": 1, "tagline": "", "aboutMe": "", "gender": "M"}}, {"model": "authapp.shopuserprofile", "pk": 2, "fields": {"user": 2, "tagline": "", "aboutMe": "", "gender": "W"}}, {"model": "authapp.shopuserprofile", "pk": 3, "fields": {"user": 23, "tagline": "", "aboutMe": "", "gender": ""}}, {"model": "cartapp.cart", "pk": 2, "fields": {"user": 1, "product": 3, "quantity": 1, "add_datetime": "2022-01-03T14:53:37.145Z"}}, {"model": "cartapp.cart", "pk": 3, "fields": {"user": 1, "product": 13, "quantity": 1, "add_datetime": "2022-01-03T14:53:42.292Z"}}, {"model": "ordersapp.order", "pk": 1, "fields": {"user": 2, "created": "2022-01-28T17:19:30.048Z", "updated": "2022-01-28T17:38:40.861Z", "status": "STP", "is_active": true}}, {"model": "ordersapp.order", "pk": 2, "fields": {"user": 2, "created": "2022-01-28T17:32:58.759Z", "updated": "2022-01-28T17:38:51.094Z", "status": "FM", "is_active": false}}, {"model": "ordersapp.order", "pk": 3, "fields": {"user": 2, "created": "2022-01-28T17:39:24.634Z", "updated": "2022-01-28T17:44:19.422Z", "status": "STP", "is_active": true}}, {"model": "ordersapp.order", "pk": 4, "fields": {"user": 2, "created": "2022-01-28T17:48:29.450Z", "updated": "2022-01-28T17:48:29.747Z", "status": "FM", "is_active": false}}, {"model": "ordersapp.order", "pk": 5, "fields": {"user": 2, "created": "2022-01-28T17:50:20.920Z", "updated": "2022-01-28T19:19:59.460Z", "status": "STP", "is_active": true}}, {"model": "ordersapp.order", "pk": 6, "fields": {"user": 2, "created": "2022-01-28T19:21:44.006Z", "updated": "2022-01-28T19:21:53.432Z", "status": "STP", "is_active": true}}, {"model": "ordersapp.order", "pk": 7, "fields": {"user": 2, "created": "2022-01-29T08:18:48.737Z", "updated": "2022-01-29T08:19:15.172Z", "status": "STP", "is_active": true}}, {"model": "ordersapp.order", "pk": 8, "fields": {"user": 2, "created": "2022-01-29T09:31:14.782Z", "updated": "2022-01-29T10:32:11.458Z", "status": "STP", "is_active": true}}, {"model": "ordersapp.order", "pk": 9, "fields": {"user": 2, "created": "2022-01-29T10:32:31.972Z", "updated": "2022-01-29T10:40:32.008Z", "status": "FM", "is_active": false}}, {"model": "ordersapp.order", "pk": 10, "fields": {"user": 2, "created": "2022-01-29T11:16:12.499Z", "updated": "2022-01-30T08:05:24.741Z", "status": "STP", "is_active": true}}, {"model": "ordersapp.order", "pk": 11, "fields": {"user": 2, "created": "2022-01-30T08:09:19.219Z", "updated": "2022-01-30T08:09:19.429Z", "status": "FM", "is_active": false}}, {"model": "ordersapp.order", "pk": 12, "fields": {"user": 2, "created": "2022-01-30T08:09:36.461Z", "updated": "2022-01-30T08:10:35.946Z", "status": "FM", "is_active": false}}, {"model": "ordersapp.order", "pk": 13, "fields": {"user": 2, "created": "2022-01-30T08:10:48.533Z", "updated": "2022-01-30T12:59:38.604Z", "status": "STP", "is_active": true}}, {"model": "ordersapp.order", "pk": 14, "fields": {"user": 2, "created": "2022-01-30T16:53:37.207Z", "updated": "2022-01-30T20:24:09.014Z", "status": "STP", "is_active": true}}, {"model": "ordersapp.order", "pk": 15, "fields": {"user": 2, "created": "2022-01-30T20:26:52.762Z", "updated": "2022-01-30T20:27:11.484Z", "status": "STP", "is_active": true}}, {"model": "ordersapp.order", "pk": 16, "fields": {"user": 2, "created": "2022-01-31T07:50:44.597Z", "updated": "2022-01-31T07:51:10.164Z", "status": "STP", "is_active": true}}, {"model": "ordersapp.orderitem", "pk": 1, "fields": {"order": 1, "product": 1, "quantity": 2}}, {"model": "ordersapp.orderitem", "pk": 2, "fields": {"order": 1, "product": 7, "quantity": 3}}, {"model": "ordersapp.orderitem", "pk": 3, "fields": {"order": 1, "product": 9, "quantity": 3}}, {"model": "ordersapp.orderitem", "pk": 4, "fields": {"order": 1, "product": 19, "quantity": 2}}, {"model": "ordersapp.orderitem", "pk": 5, "fields": {"order": 2, "product": 3, "quantity": 1}}, {"model": "ordersapp.orderitem", "pk": 6, "fields": {"order": 2, "product": 6, "quantity": 1}}, {"model": "ordersapp.orderitem", "pk": 7, "fields": {"order": 2, "product": 15, "quantity": 1}}, {"model": "ordersapp.orderitem", "pk": 8, "fields": {"order": 3, "product": 4, "quantity": 1}}, {"model": "ordersapp.orderitem", "pk": 9, "fields": {"order": 3, "product": 15, "quantity": 1}}, {"model": "ordersapp.orderitem", "pk": 10, "fields": {"order": 3, "product": 16, "quantity": 1}}, {"model": "ordersapp.orderitem", "pk": 11, "fields": {"order": 4, "product": 6, "quantity": 0}}, {"model": "ordersapp.orderitem", "pk": 12, "fields": {"order": 5, "product": 5, "quantity": 1}}, {"model": "ordersapp.orderitem", "pk": 13, "fields": {"order": 6, "product": 4, "quantity": 3}}, {"model": "ordersapp.orderitem", "pk": 14, "fields": {"order": 7, "product": 8, "quantity": 1}}, {"model": "ordersapp.orderitem", "pk": 15, "fields": {"order": 8, "product": 3, "quantity": 3}}, {"model": "ordersapp.orderitem", "pk": 17, "fields": {"order": 10, "product": 3, "quantity": 7}}, {"model": "ordersapp.orderitem", "pk": 18, "fields": {"order": 10, "product": 17, "quantity": 1}}, {"model": "ordersapp.orderitem", "pk": 20, "fields": {"order": 10, "product": 12, "quantity": 1}}, {"model": "ordersapp.orderitem", "pk": 21, "fields": {"order": 11, "product": 2, "quantity": 0}}, {"model": "ordersapp.orderitem", "pk": 23, "fields": {"order": 12, "product": 10, "quantity": 1}}, {"model": "ordersapp.orderitem", "pk": 24, "fields": {"order": 13, "product": 4, "quantity": 8}}, {"model": "ordersapp.orderitem", "pk": 25, "fields": {"order": 14, "product": 9, "quantity": 1}}, {"model": "ordersapp.orderitem", "pk": 26, "fields": {"order": 14, "product": 17, "quantity": 2}}, {"model": "ordersapp.orderitem", "pk": 27, "fields": {"order": 14, "product": 18, "quantity": 2}}, {"model": "ordersapp.orderitem", "pk": 28, "fields": {"order": 14, "product": 18, "quantity": 1}}, {"model": "ordersapp.orderitem", "pk": 30, "fields": {"order": 14, "product": 14, "quantity": 2}}, {"model": "ordersapp.orderitem", "pk": 31, "fields": {"order": 15, "product": 12, "quantity": 3}}, {"model": "ordersapp.orderitem", "pk": 32, "fields": {"order": 15, "product": 5, "quantity": 2}}, {"model": "ordersapp.orderitem", "pk": 33, "fields": {"order": 16, "product": 20, "quantity": 4}}, {"model": "ordersapp.orderitem", "pk": 34, "fields": {"order": 16, "product": 2, "quantity": 2}}]